Class,Driver,Driver_Nationality,Driver_Town,Driver_Clubs,Co-driver,Co-driver_Nationality,Co-driver_Town,Co-driver_Clubs,Car,Details,Sponsor,CC,Colour,Registration,Year
E,Thomas Preston,British,Lancashire,PDMC / CMC,Carl Williamson,British,Bradford,BTRDA / CMC,Skoda Fabia R5,1600T ~ Black/Purple ~ SP0541 ~ 2018,Hippo Motor Group,1600T , Black/Purple , SP0541 , 2018
E,Robert Swann,English,Bishops Stortford,Wickford AC,Steve McNulty,British,Ilford,Chelmsford Motor Club,Mitsubishi Mirage,1598T ~ Yellow ~ GM65 OHJ ~ 2015,"Elegant Hotels, Blue Sky luxury, R.A.SWANN LTD",1598T , Yellow , GM65 OHJ , 2015
E,Michael O'Brien,Irish,St Albans,London Irish,Mark Glennerster,Welsh,Swindon,London Irish,Ford Focus WRC 2008,1998T ~ Red ~ EA07 RGZ ~ 2007,M O'Brien group of companies / Willow Hire,1998T , Red , EA07 RGZ , 2007
D,Oliver Davies,British,Bridgnorth,Owen MC / CMC,Ben Innes,British,Kidderminster,Ludlow Castle MC / CMC,Ford Escort,2500 ~ Bullet Blue ~ FCJ 249W  ~ tbc,"Howells Automotive, Hewitts Salvage",2500 , Bullet Blue , FCJ 249W  , tbc
E,James Self,British,North Petherton,Bolton,Ian Davis,British,Llanvetherine,BTRDA / HOVAC / CMC,Ford Fiesta R5,1598T ~ White ~ PX15HYY ~ 2015,Elite Cameron,1598T , White , PX15HYY , 2015
E,Rob Tout,Welsh,Ammanford,Ammanford,Kevin Jones,Welsh,Ammanford,Ammanford,Mitsubishi Evo X ,1993T ~ White/Red/Blue ~ T10UTS ~ 2010,"Arwel Jones Motors, ABC Hire Services,The Wheel Specialist",1993T , White/Red/Blue , T10UTS , 2010
D,Tony Rees,Welsh,Pontyclun,BTRDA / CMC,Geraint Thomas,Welsh,Pontyclun,Bridgend / CMC,Darrian GTR +,"2500 ~ Grey, Red , White ~ TBA ~ 2017",,2500 ," Grey, Red , White ", TBA , 2017
E,Nigel Mummery,English,Ross-On-Wye,Bolton le Moors,Fiona Scarrett,English,Hilmarton,Bolton le Moors,Ford Focus WRC,1998T ~ White/Blue ~ EN02 UCT ~ 2005,Smith & Jones,1998T , White/Blue , EN02 UCT , 2005
D,Jonathan Davies,English,Brecon,Brecon / CMC,Daniel James,Welsh,Aberdare,BTRDA / CMC,Darrian T9,2500 ~ Red ~ Q420JWW ~ 1985,,2500 , Red , Q420JWW , 1985
E,Steve Finch,British,Chelmsford,Chelmsford MC,Sam Fordham,British,Saffron Walden,Green Belt,Ford Fiesta R5+,2000T ~ White/Blue ~ PX16CWO ~ 2016,G & B Finch,2000T , White/Blue , PX16CWO , 2016
HK,Roger Moran,British,Ludlow,RAC / CMC,Den Golding,British,Newport,RAC / CMC,BMW M3,2302 ~ White ~ F131 UDL ~ 1989,None,2302 , White , F131 UDL , 1989
D,Pete Rayner,English,Gosfield,Middlesex,Aron Rayner,English,Bocking,Middlesex,Ford Escort,2498 ~ Blue ~ DNF 673T ~ 1979,SR MOTORWORKS,2498 , Blue , DNF 673T , 1979
D,Martin Hodgson,British,Wakefield,Sheffield & Hallamshire/Dukeries,Tony Jones,British,Sheffield,Sheffield & Hallamshire/Dukeries,Ford Escort Mkll,2500 ~ Blue ~ WST720V ~ 1978,"Smith & Jones Engineering, Sheffield Rolling Road, TIA Structures",2500 , Blue , WST720V , 1978
E,Jody Bowcott,English,Sutton Coldfield,Streetly,David Millard,English,Birmingham,Streetly,Proton Satria Neo,2500 ~ White ~ YN09 DOH ~ 2009,Garden Exteriors Rallyesport,2500 , White , YN09 DOH , 2009
E,Richard Weaver,British,Bembridge,Isle Of Wight,James Pink,British,Bembridge,Isle Of Wight,Mitsubishi Evo 6,1998T ~ White ~ S44 MRE ~ 2000,"JW Autoshine, Arch's Speed Shop, Sign Shop Bembridge, Wight Rally Sport",1998T , White , S44 MRE , 2000
E,Ross Daniels,English,Dunstable,Middlesex County AC,Paul Mankin,English,Dunstable,Middlesex County AC,Subaru Impreza,1992T ~ White ~ L864EWP ~ 1993,Autoserv,1992T , White , L864EWP , 1993
C,Robin Adams,British,Colchester,Chelmsford MC,Ray Keith,British,Colchester,Wickford MC,Ford Escort,1997 ~ White ~ DDL 498V ~ 1979,"Rally World, Essex & Herts Air Ambulance Charity.",1997 , White , DDL 498V , 1979
C,Royston Carey,British,East Farleigh,Maidstone & Mid Kent,Bridge Carey,British,East Farleigh,Maidstone & Mid Kent ,Renault Clio,1998 ~ Yellow/Blue  ~ X701UGC  ~ 2000,"Army Motorsport,Royal Engineers",1998 , Yellow/Blue  , X701UGC  , 2000
C,Ben Howlett,British,Great Cornard,Chelmsford,Simon Howlett,British,Acton,Chelmsford,Peugeot 306,1998 ~ White/Blue/Red ~ P501RGV ~ 1997,,1998 , White/Blue/Red , P501RGV , 1997
E,Spencer Chard,English,Bristol,BTRDA / CMC,Mark Perryman,English,,Manx Autosport / CMC,Subaru Impreza,2000T ~ Blue ~ OY53RYC ~ 2003,cp motorsport interpro automotive prestige spray bristol,2000T , Blue , OY53RYC , 2003
E,Craig Jones,Welsh,Brecon,Brecon / CMC,Ian Taylor,Welsh,Carmarthen,Ammanford MC / CMC,Mitsubishi Evo 9,1998T ~ Orange ~ PNZ 5336 ~ 2006,JayJays Military Supplies/Rob Hughes Steel Frame Fabrication/ABX Roofing Supplies/Glanusk Services,1998T , Orange , PNZ 5336 , 2006
E,Stuart Cadman,British,Stowmarket,Chelmsford MC,Dennis Suttenwood,British,Colchester,Chelmsford MC,Mitsbushi Evo 4,1998T ~ White ~ E4 BRG ~ 1996,Cadman Construction,1998T , White , E4 BRG , 1996
C,Kevin Boyle,Irish,Hitchin,London Irish MC,Neil Bye,Norwegian,Burnley,BTRDA / CMC,Ford Escort,1979 ~ Blue ~ XEC 812W     ~ 1980,,1979 , Blue , XEC 812W     , 1980
D,Nick Beddoes,British,Evesham,Redditch / CMC,Jamie Vaughan,British,Abergavenny,Forresters / CMC,Ford Escort RS,2500 ~ White /Red ~ NRA500W ~ 1980,,2500 , White /Red , NRA500W , 1980
E,Darrell Taylor,British,Hawkinge,Southern & Chelmsford,Peter Kettle,English,Doncaster,Eastwood & Dukeries,Mitsubishi Evo X,1998T ~ White/Red/Blue ~ DP 450 JM ~ 2010,Kingstown Shipping,1998T , White/Red/Blue , DP 450 JM , 2010
E,Justin Oliver,British,Sudbury,West Suffolk MC,Claire Gillies,British,Ipswich,CMC,Subaru Impreza N10,1994T ~ White ~ OU54 LUH ~ 2004,Oliver Cars,1994T , White , OU54 LUH , 2004
C,Mark Holmes,British,Preesall,BSSMC / CMC,Craig Simkiss,British,Blackpool,BSSMC / CMC,Ford Fiesta S2000,1998 ~  ~ DWR 91595 ~ 1985,MARK HOLMES AUTO ENGINEERING,1998 ,  , DWR 91595 , 1985
E,David Longfellow,English,Leeds,Chelmsford MC,Mark Broadbent,English,Leeds,Chelmsford MC,Subaru Impreza Lx,1998T ~ Jl Brooks White ~ L555VAG ~ 1993,J L Brooks Wholesale,1998T , Jl Brooks White , L555VAG , 1993
A,Christopher Newton,British,Gillingham,Maidstone Mid Kent MC,Anthony Newton,British,Mountfield,Maidstone Mid Kent MC ,Vauxhall Nova,1398 ~ Orange ~ K23 VKN ~ 1992,,1398 , Orange , K23 VKN , 1992
A,Gethin Jones,Welsh,Caernarfon,Harlech & D/ CMC,Sion Cunniff,Welsh,Anglesey,C&A Motorclub / CMC,Vauxhall Nova,1399 ~ Blue ~ J364 GFR ~ 1992,Ross Hughes Flooring,1399 , Blue , J364 GFR , 1992
C,Gavin Rogers,British,Olveston,Tavern,Georgina Clark,British,Cheltenham,Tavern,Ford Escort,1999 ~ White ~ DVY 759S ~ 1977,,1999 , White , DVY 759S , 1977
H3,Ben Friend,British,Saxmundham,RAC / CMC,Cliff Simmons,British,Coleford,RAC / CMC,Ford Escort Mk2,1975 ~ Red ~ LVN 449P ~ 1970,Allglass anglia,1975 , Red , LVN 449P , 1970
H2,Craig Salter,English,Mountnessing,Chelmsford,Preston Ayres,English,Milton Keynes,Chelmsford,Ford Escort MK 1,1998 ~ White/Blue ~ SCR41G ~ 1972,,1998 , White/Blue , SCR41G , 1972
H2,Ian Rix,English,Harleston,SCCON,Steve Greenhill,English,Therfield,GBMC,Ford Escort,1998 ~ Blue ~ DGY 739H ~ 1970,Rix Engineering,1998 , Blue , DGY 739H , 1970
H4b,Guy Anderson,British,Uxbridge,Middlesex County,Steve Link,British,Worcester,Club Rally Sport West,Mitsubishi Galant VR4,2000T ~ White ~ J14 MRE ~ 1988,OVERPRINT LTD,2000T , White , J14 MRE , 1988
C,Roland Brown,British,Sittingbourne,M&MKMC,Liam Carfrae,British,Rochester,M&MKMC,Ford Escort Mk1,1997 ~ Orange ~ SUF 8 H ~ 1970,McNealy Brown Specialist Fabricators & Structural Steelwork,1997 , Orange , SUF 8 H , 1970
C,Gary Mason,British,Chatam,NWKMC,John Matthews ,British,Ashford,NWKMC ,Ford Escort,1999 ~  Grey ~ PGC826V  ~ 1980,,1999 ,  Grey , PGC826V  , 1980
E,Julian Barnett,British,Bromsgrove,BTRDA / CMC,Sasha Heriot,British,Chesterfield,Matlock,Subaru Impreza,1998T ~ White /Blue ~ OU08 EKA ~ 2008,Central Maintenance Solutions / GroveWeb,1998T , White /Blue , OU08 EKA , 2008
HK,Dick Mauger,British,Bicester,RAC Historics / CMC,Geno Gouveia,British,Telford,RAC Hagley & DLCC / CMC,Ford Escort RS1800,1998 ~ White ~ UOV666S ~ 1976,Major farm services ,1998 , White , UOV666S , 1976
E,James Munden,English,Bristol,Tavern,John Leigh,British,Newport,Tavern,Subaru Impreza,1998T ~ Blue ~ P607LJM ~ 1997,GMB Garages,1998T , Blue , P607LJM , 1997
C,Ashley Davies,British,London,Green Belt MC,Richard Bonner,British,Chelmsford,Chelmsford MC,Ford Escort RS,1998 ~ Green ~ AVX 850S ~ 1978,Burton Power & G&B Finch ,1998 , Green , AVX 850S , 1978
B,David Earthy,British,Chelmsford,Chelmsford MC,Tom Wood,Welsh,Cwmbran,Forresters CC /BTRDA / CMC,Citroen C2R2 Max,1599 ~ White ~ C2 RTO ~ 2004,Prestons Garages ltd,1599 , White , C2 RTO , 2004
B,Dominic Worsfold,British,Worthing,FDMC,Matthew Fowle ,British,Bepton,FDMC,Ford Fiesta ,1600 ~ White ~ YEP 526T ~ 1979,,1600 , White , YEP 526T , 1979
C,Baz Jordan,English,Newark,BTRDA / CMC,Arwel Jenkins,Welsh,Newtown,BTRDA/Maesteg & District/CMC,Hillman Avenger,1998 ~ Yellow ~ MVN763W ~ 1979,JORDAN ROAD SURFACING/JONDEL RACE ENGINES,1998 , Yellow , MVN763W , 1979
C,Tim Mewett,British,Maidstone,MMKMC,Liz Jordan,British,Maidstone,MMKMC,Ford Escort Mk2,1998 ~ Red ~ LGX 746P ~ 1975,Staplehurst MOT Centre,1998 , Red , LGX 746P , 1975
D,Shaun Weston,British,Sheering,Chelmsford MC,Dean Mevo,British,Harlow,Chelmsford MC,Ford Escort,2400 ~ Grey ~ WCB 418T ~ 1978,Weston Homes Plc,2400 , Grey , WCB 418T , 1978
D,Dave Jennings,Welsh,York,Chelmsford,Lorraine Nixon,English,Preston,Chelmsford,Ford Mk2 Escort,2400 ~ Blue ~ EOY 511T ~ 1978,,2400 , Blue , EOY 511T , 1978
C,Nigel Greensall,British,Cheltenham,Dukeries,James Proudfoot,British,Leicester,Dukeries,Toyota GT86,1998 ~ White/Blue ~ WN13XBG ~ 2013,,1998 , White/Blue , WN13XBG , 2013
B,Paul Hands,British,Rainham,Chelmsford,Lee Bezuidenhout,British,Cranbrook,Chelmsford,Peugeot 106,1587 ~ Yellow ~ S849FDU ~ 1999,,1587 , Yellow , S849FDU , 1999
B,Chris Gravestock,British,Bearsted,CMC,Mark Harmer,British,Kirkby Mallory,CMC,Citroen C2,1600 ~ Red ~ FV54NZH ~ 2004,,1600 , Red , FV54NZH , 2004
B,Abi Mahmood,British,Slough,SCMC,Samantha Bartlett,British,Daventry,Dukeries MC,Suzuki Swift S1600 JWRC,1598 ~ Multi ~ S1600 ~ 2006,Abi Motorsport,1598 , Multi , S1600 , 2006
E,Stuart Larbey,British,Chilgrove,Southern,Simon Larbey,British,Chichester,Southern,Subaru Impreza S7 WRC,1994T ~ Blue ~ X24 SRT ~ 2001,,1994T , Blue , X24 SRT , 2001
D,Rob Smithson,English,Pewsey,Devizes & DMC,Martin Corbett,English,Ashstead,HRCR,Ford Escort,2340 ~ White ~ SKK638W ~ 1981,"Progressive Blue Sky Ltd, Creative Office Solutions Ltd",2340 , White , SKK638W , 1981
HK,Desaeyer Angelo,Belgian,Roksem,Atlantic / CMC,Dejonghe Mieke,Belgian,Roksem,Atlantic / CMC,Ford Escort Mk1 RS2000,1993 ~ Red ~ 1JXE721 ~ 1974,ANDES Motorsport,1993 , Red , 1JXE721 , 1974
E,Shelly Taunt,English,Highworth,Chelmsford,Julie Murphy,English,Inglesham,Chelmsford,Subaru Impreza,1994T ~ White-Blue/Orange Stripes ~ OY53 RLO ~ 2003,"ASF, Infinity on the Beach Barbados, Combined Scaffolding, JulieMurphysdrivingschool, JimGriffiths Car Body Repairs, Guest & Fiore Bricklayers",1994T , White-Blue/Orange Stripes , OY53 RLO , 2003
E,Bill Douglas,English,Northampton,Blackbird Autoclub,Mike Smith,British,Nr Kettering,Kettering CC,Mitsubishi Evo 4,1990T ~ White ~ P385FWP ~ 1997,,1990T , White , P385FWP , 1997
A,John Taylor,English,Chelmsford,Southern CC,Victoria Cutmore,English,Witham,Southern CC,Talbot Sunbeam,1400 ~ White And Blue ~ KKK316V ~ 1979,RETROBEAM MOTORSPORT ,1400 , White And Blue , KKK316V , 1979
C,Aziz Tejpar,British,Woodham Mortimer,Southern CC,Steve Davey,British,Windsor,Middlesex,Ford Escort ,2000 ~ Blue ~ HJB 844W ~ 1987,Allied Polymer ,2000 , Blue , HJB 844W , 1987
A,Rob Evett,British,Aylesbury,Thame,Michael Evett,British,Aylesbury,Thame,MG ZR,1400 ~ Black ~ YMO3 OFP ~ 2003,,1400 , Black , YMO3 OFP , 2003
C,Edward Welham,English,Ipswich,Chelmsford MC,Stuart Rod,English,Ipswich,Chelmsford MC,Ford Escort,1998 ~ White ~ VWC 827S ~ 1977,,1998 , White , VWC 827S , 1977
C,Antony Allery,British,Colchester,Chelmsford MC,Callum Francis,British,Halsted,Chelmsford MC,Ford Escort RS,2000 ~ Red ~ LJV 134R ~ 1976,,2000 , Red , LJV 134R , 1976
E,Alistair Crossley,English,Emsworth,Southsea MC,Samuel Crossley,English,Bishops Waltham,Southsea Mcc,Mitsubishi Evo 5,2000T ~ White ~ R147CCY ~ 1998,,2000T , White , R147CCY , 1998
C,Simon May,British,Fleet,Farnborough DMC,Adrian May,British,Fleet,Farnborough DMC,Ford Escort,2000 ~ White/ Yellow ~ NWM 295S ~ 1978,N/A,2000 , White/ Yellow , NWM 295S , 1978
C,John Cooledge,English,Ipswich,WSMC / ECMC,Louise Cooledge,English,Ipswich,WSMC / ECMC,Ford Anglia 105E,2000 ~ Yellow And Blue ~ SGH 212F ~ 1967,,2000 , Yellow And Blue , SGH 212F , 1967
B,Matthew Ockendon,British,Danbury,Chelmsford MC,Wendy Gibson,Irish,Whyteleafe,Quinton MC,Peugeot 205,1585 ~ Red ~ G780 PTS ~ 1989,,1585 , Red , G780 PTS , 1989
C,Stephen Hall,British,Welling,Southsea MC,Paul Boxall,British,Cranleigh,Cranleigh MC,Ford Fiesta,1690 ~ White ~ WGW22S ~ 1978,Coltec Racing Engines,1690 , White , WGW22S , 1978
B,Mark Peterson,English,March,"Chelmsford, Eastern Counties MC",David Lobb ,English,Braintree,Chelmsford ,Citroen C2R2,1600 ~ White And Red ~ VX05XTT  ~ 2005,Fink Developments ,1600 , White And Red , VX05XTT  , 2005
E,David Daniel,British,Colchester,West Suffolk M C,Matt Suttenwood,British,Colchester,Chelmsford M C,Mitsubishi Evo 6,1997T ~ Red And White ~ X662 UOM ~ 2001,,1997T , Red And White , X662 UOM , 2001
C,Latchezar Delibashev,British,Haverhill,Chelmsford MC,Svetlana Delibashev,British,Haverhill,Chelmsford MC,Ford Focus 2.0,1998 ~ Blue ~ X196GDC ~ 2000,,1998 , Blue , X196GDC , 2000
C,Tony McCarthy,British,Kingsbridge,South Hams MC,Shaun Layland,British,Paignton,South Hams MC,Talbot Sunbeam,1998 ~ White ~ TBA ~ Tba,,1998 , White , TBA , Tba
H3,Andrew Williamson,British,Manningtree,Middlesex County AC,Adele Candy,British,Manningtree,Wickford AC,Ford Escort,1993 ~ White/Black ~ LGA 847V ~ 1979,Third Angle Consulting,1993 , White/Black , LGA 847V , 1979
E,Duncan Metcalfe,English,Hadleigh,Chelmsford,Phil J Davies,British,Ipswich,Chelmsford,Subaru Impreza,1998T ~ White ~ N220 DJW ~ 1995,,1998T , White , N220 DJW , 1995
HK,Paul Robins,Welsh,Tredegar,Maesteg MC,Jordan Wilkinson ,Welsh,Blackwood,Amman & D/ CMC,Ford Mk11 Escort RS 1800,1975 ~ Red ~ EJT39V ~ 1979,PIC UP SPARES SWANSEA / KHL LOGISTICS SWANSEA,1975 , Red , EJT39V , 1979
E,Lee Sparrowhawk,Welsh,Swansea,Forresters CC / Club West Rally Sport,Samuel Myers,British,Cold Norton,Forresters CC /  CMC,Subaru Impreza Srx,1998 ~ Blue ~ L555SRX ~ 1999,"Yeti Rallying, Target Repairs ",1998 , Blue , L555SRX , 1999
H3,Peter Heatherington,British,Morpeth,Whickham & DMC / CMC,Chris Heatherington,British,Daventry,Chelmsford,Talbot Sunbeam Lotus,2172 ~ White ~ EHW 12W ~ 1981,,2172 , White , EHW 12W , 1981
A,Mark Blackmore,British,Braintree,Green Belt MC,Matt Blackmore ,British,Braintree,Greenbelt ,Vauxhall Corsa ,1400 ~ Green Yellow  ~ M540THK ~ 1994 ,French motorsport ,1400 , Green Yellow  , M540THK , 1994 
H3,Philip Clarke,English,Felsted,BTRDA / CMC,Gareth Parry,Welsh,Aberystwyth,Dvmc / CMC,Ford Escort,1600 ~ Blue ~ NEV 893V ~ 1979,,1600 , Blue , NEV 893V , 1979
B,Darren Knights,English,Chelmsford,Chelmsfoird,Alan Carfrae,British,Rochester,Maidstone & Mid Kent,Ford Escort,1598 ~ Blue ~ GJT 414V ~ 1980,,1598 , Blue , GJT 414V , 1980
B,Bradley Howlett,British,Attleborough,Chelmsford,Nick Vandevenne,Belgian,Veurne,Autostal Atlantic / CMC,Citroen C2,1580 ~ Black ~ SG57FTT ~ 2007,,1580 , Black , SG57FTT , 2007
B,Kevin Newman,English,Tingewick,Thame Motorsport Club,Simon Cowley ,English,Sudbury,Thame Motorsport Club ,Renault Twingo R2,1600 ~ Blue  ~ T14 KJN  ~ 2010,,1600 , Blue  , T14 KJN  , 2010
A,Mick Johnson,English,Stowmarket,Chelmsford,Jamie Mactavish,British,Leeds,Pendle & D,Ford Puma,1400 ~ White ~ S103 RDB ~ 2000,MGJ Engineering ltd ,1400 , White , S103 RDB , 2000
A,Chris Woodcock,English,Blackburn,Clitheroe DMC,Heidi Woodcock,English,Blackburn,Clitheroe DMC,Proton Satria,1396 ~ Yellow ~ N950 DEV ~ 1996,,1396 , Yellow , N950 DEV , 1996
A,Mark Annison,English,Cromer,SCCON,Ian Humphrey,English,Cromer,SCCON,Ford Puma,1396 ~ Blue ~ W438CPU ~ 2000,Canada Garage Motorsport,1396 , Blue , W438CPU , 2000
H4b,Kevin Jarvis,English,Chelmsford,Clemsford MC,Robert Pomphrett ,English,Colchester,Chelmsford Motr Club,Sierra Cosworth,2000 ~ Green ~ KEV 25 Y ~ 1986,R Pomphrett Ltd ,2000 , Green , KEV 25 Y , 1986
B,Mike East,British,Farnham,Farnborough & District,Richard Pashley,British,Chertsey,Guildford,Ford Fiesta R2,1598 ~ White ~ LJ61 WHC ~ 2011,Duo Security/EDSL Sport,1598 , White , LJ61 WHC , 2011
B,Ed Scott,British,Chelmsford,Chelmsford MC,Martin Lane,British,Wickford,Chelmsford MC,Peugeot 206,1600 ~ Silver ~ X619WSC ~ 2000,,1600 , Silver , X619WSC , 2000
B,Nabila Tejpar,British,Woodham Mortimer,Southern CC,Max Freeman,British,Brewood,CMC,Peugeot 208 R2,1600 ~ White ~ SR0460J ~ 2017,"Allied Polymer - Pump Tech, Warren Estate, Matrix, Kyoto",1600 , White , SR0460J , 2017
A,Sheldon Furby,British,Colchester,Chelmsford,Peter Littlefield,British,Coleford,Chelmsford ,MG ZR,1396 ~ Blue ~ J88 SHX ~ 2002,,1396 , Blue , J88 SHX , 2002
C,Gareth James,Welsh,Daventry,PTMC,Ryan Jones ,Welsh,Hengoed,Forresters CC,Peugeot 205 GTI,1925 ~ White ~ H952 MDU ~ 1991,"ISJ Engineering, Power Steering Solutions, P Old Carpets, Maxi Transmissions",1925 , White , H952 MDU , 1991
C,Martyn Ellis,English,Sevenoaks,Sevenoaks & District,Clive Letherby,English,West Malling,Sevenoaks & District,Renault Clio Ex Cup Car,1999 ~ White ~ S9 KRW ~ 2006,YMT Technologies Limited,1999 , White , S9 KRW , 2006
C,Nick Deighton,English,Northampton,Oxford MC,Tom Ward,English,Ipswich,Chelmsford MC,VW Golf Mk2,1984 ~ White ~ H583 PAK ~ 1990,,1984 , White , H583 PAK , 1990
B,Neville Hudd,English,Fleet,Farnborough DMC,Melissa Wheeler ,English,Fleet,Farnborough DMC,Vauxhall Nova,1600 ~ White ~ F959FMW ~ 1988,,1600 , White , F959FMW , 1988
H1,Peter Horsburgh,Scottish,King's Lynn,Kings Lynn & Dist MC,Graham Carter,English,Haywards Heath,HRCR,Morris Mini Cooper S,1293 ~ Red/White ~ 277 BRX ~ 1965,MINISPARES,1293 , Red/White , 277 BRX , 1965
B,Howard Alexander,English,Maidstone,Bolton le Moors,Paul Hudson,English,Darlington,F1000,Ford Focus,1600 ~ Silver & Orange ~ NX02ZNR ~ 2002,"The Hobby Shop, Faversham, Kent - www.hobb-e-mail.co.uk",1600 , Silver & Orange , NX02ZNR , 2002
B,Nigel Booley,English,Chelmsford,Chelmsford,Dave Catto,English,Takeley,Chelmsford,Ford Escort RS,1598 ~ White ~ TKL516R ~ 1977,"ernest doe, hg plant sales, west end leasing ",1598 , White , TKL516R , 1977
H1,Henry Hardiment,British,Thompson,WSMC / SCCON,Keith Pettitt,British,Newmarket,WSMC,Austin Cooper 'S',1293 ~ Red/ White ~ 353 ACE ~ 1967,,1293 , Red/ White , 353 ACE , 1967
C,Andy Reid,English,Newbury,Craven,Alex Reid,English,Andover,Craven,Peugeot 205 Maxi,1905 ~ White ~ F480SMC ~ 1989,ARM automotive & Maxi Motorsport /Maxi Transmissions AR Motorsport,1905 , White , F480SMC , 1989
E,Ian Linford,British,Buntingford,Chelmsford MC,Demelza Scholes ,British,Bungay,Chelmsford MC,Land Rover Freelander,1795T ~ Gold ~ Y945SBE ~ 2001,MPB 4x4; polley sport/ yokohama,1795T , Gold , Y945SBE , 2001
C,Lee Robinson,British,Dorking,Sutton & Cheam,Daniel Robinson,English,Horsham,Sutton & Cheam MC,Ford Fiesta,1998 ~ White ~ LT55UMS ~ 2005,Project Landscape,1998 , White , LT55UMS , 2005
H3,Dean Fewings,British,Canwedon,Chelmsford,Bob Smith,British,Hockley,Chelmsford ,Triumph TR7 V8,3500 ~ Red/White/Blue Works Colours  ~ SLA 635R ~ 1977,,3500 , Red/White/Blue Works Colours  , SLA 635R , 1977
HK,Robert Beales,British,Hereford,Chelmsford,Mike Leflay,British,Basingstoke,Bognor Regis,VW Beetle Ottinger GT,1300 ~ Yellow/Black ~ UWP401 ~ 1958,Just Kampers and Goldstar Onboard Ltd,1300 , Yellow/Black , UWP401 , 1958
A,Kay Thompson,British,Sandbach,Chelmsford MC,Charlotte Wainwright,British,Thirsk,Ripon MSC,Nissan Micra,1275 ~ Cream Orange ~ N773 BEM ~ 1995,,1275 , Cream Orange , N773 BEM , 1995
A,Barri Wilmot,English,Rugeley,Owen Motoring Club,Clare Bird,English,Erdington,Owen Motoring Club,Vauxhall Nova,1400 ~ White ~ K422 FNT ~ 1992,,1400 , White , K422 FNT , 1992
C,Ross Wey,British,Colchester,Chelmsford,Conor Wey,British,Colchester,Chelmsford,Peugeot 205,1900 ~ White ~ F235OPO ~ 1988,,1900 , White , F235OPO , 1988
B,Paul Mayhew,British,Smarden,Chelmsford MC,Dean Mitchell,British,Hastings,Chelmsford,Peugeot 205 GTI,1598 ~ Silver ~ G358 NLG ~ 1989,,1598 , Silver , G358 NLG , 1989
A,Neil Harrison,British,Fleet,FDMC,David Dockree,British,Camberley,FDMC,Ford Puma,1400 ~ Blue ~ X926SGF ~ 1998,,1400 , Blue , X926SGF , 1998
B,Andrew Hebron,English,Teddington,Southern CC,Jon Ross,English,North Thoresby,BTRDA,Ford Puma,1596 ~ White ~ W209KDB ~ 2000,Drury Deliveries,1596 , White , W209KDB , 2000
D,Lee Williams,British,Basildon,Chelmsford MC,Crow,British,Colchester,Chelmsford MC,Ford Escort RS,2400 ~ Amber ~ BLF 843H ~ 68,,2400 , Amber , BLF 843H , 68
A,Mark Constantine,British,Richmond,Northallerton / CMC,Andrew Constantine,British,Darlington,Northallerton / CMC,Vauxhall Corsa,1389 ~ White ~ F14 OOS ~ 1989,Constantine Motorsport Ltd,1389 , White , F14 OOS , 1989
C,James Muir,British,Asfhord,M&MKMC,Paul Easter,British,Chichester,Bognor Regis MC,Vauxhalll Astra Gsi,1998 ~ Yellow ~ K871SFK ~ 1992,,1998 , Yellow , K871SFK , 1992
C,Tim Hill,English,Worcs,Redditch / CMC,Paul Spooner,Welsh,Raglan,Forresters / CMC,Ford Fiesta R2T,999T ~ Yellow ~ PX15HVK ~ 2015,Hills Ford,999T , Yellow , PX15HVK , 2015
B,Robert Smith,British,Reading,Craven,Frankie Hillman,British,Bournemouth,Craven,Ford Escort,1590 ~ Yellow ~ EEN 949W ~ 1980,,1590 , Yellow , EEN 949W , 1980
D,Ross Brusby,British,Chesterfield,Matlock M C,Sam Collis ,British,Hull,Matlock M C ,Ford Escort Mk2,2500 ~ White ~ XHK957S ~ 1978,Chesterfield Transporters LTD ,2500 , White , XHK957S , 1978
A,Barrie Marshall,British,Colchester,Chelmsford MC,Tony Hernden,British,Colchester,Chelmsford MC,Nissan Micra,998 ~ Green ~ X207 PJN ~ 2000,,998 , Green , X207 PJN , 2000
C,Richard Baker,English,Stoke Gifford,Chelmsford M C,Dave Tortoishell,English,Newcastle Under Lyme,BTRDA / Forresters C C / Cannock C C ,Ford Escort,2000 ~ Orange ~ NTW 260P ~ 1976, stoke gifford garage,2000 , Orange , NTW 260P , 1976
E,Gary le Coadou,British,Broadway,Southern CC,Carl Sorensen,British,Plymouth,South Hams,Hyundai i20 WRC,1598T ~ Blue ~ G20 HMC ~ 2015,Goodridge Transfer Systems,1598T , Blue , G20 HMC , 2015
H1,Dessie Nutt,British,Castlerock,RAC / CMC,Geraldine McBride,British,Bangor,RAC / CMC,Porsche 911,2000 ~ Yellow ~ OLC6E ~ 1986,NUTT TRAVEL DANSPORT,2000 , Yellow , OLC6E , 1986
C,Mark Riki Coleman,English,Clacton On Sea,Chelmsford MC,Robert Best,British,Clacton On Sea,Chelmsford,Ford Fiesta,1998 ~ Black ~ MA57NKW ~ 2007,'in aid of' cancer research uk,1998 , Black , MA57NKW , 2007
E,Matthew Hirst,British,Doncaster,BTRDA / CMC,Declan Dear,British,Woking,Craven MC,Mitsubishi Evo IX,1996T ~ White / Blue ~ WX56 KNZ ~ 2006,Delta,1996T , White / Blue , WX56 KNZ , 2006
H2,Richard Lane,English,Ipswich,/ CMC,Jez Rogers,English,Bridgnorth,Ludlow Castle MC / RAC,Ford Escort Mk1,1998 ~ Green  ~ HAR617L ~ 1972,"Avenue Taxis , Rallyxtreme ,Accelerate cleaning solutions ltd,Elite tree services",1998 , Green  , HAR617L , 1972
H2,David Kirby,English,Martlesham,Wickford,Tom Hutchings,British,Hull,North Humberside MC,Ford Escort Mk1,1998 ~ Green ~ OLN709L ~ 1974,"Avenue Taxis , Rallyxtreme ",1998 , Green , OLN709L , 1974
H2,Vince Bristow,British,Hastings,Chelmsford,Tim Sayer,British,Hastings,Chelmsford,Ford Escort Mk1 Mexico,1598 ~ White/Red/Black ~ DOO 955G ~ 1969,Corbeau & RDS Hastings,1598 , White/Red/Black , DOO 955G , 1969
H3,Tim Pearcey,British,Harrogate,Malton,David Boyes,British,Harrogate,York Mc/ Malton MC  HRCR,Ford Escort,1999 ~ White ~ CPW 39T ~ 1977,,1999 , White , CPW 39T , 1977
E,Wayne Larbalestier,British,Halstead,Chelmsford MC,Sophie Buckland,British,,CMC,Mitsubishi Evo III RS ,1998T ~ White  ~ L4RBO ~ 1994,HED - TEC / ST TILING / DENATK HYGENEICS / JULIAN CUTTER ,1998T , White  , L4RBO , 1994
HK,Paul Smith,British,Welwyn,London Irish / CMC,Emma Morrison,British,Bilsthorpe,Dukeries / F1000,BMW M3 E30,2302 ~ White/Marlboro ~ KXS 10 ~ 1986,,2302 , White/Marlboro , KXS 10 , 1986
